,INTROVERT.I,SENSING.S,THINKING.T,JUDGING.J,E.EKSTROVERT,N.INTUITION,F.FEELING,P.PERCEIVING,TOT.EQ.NBR,TOT.EQ.PCT,EQ,SCORE.BRAIN.LR,BRAIN.LR,NUMERICAL,Communicate,Ease.In.Public,Opening.Up.To..Others,Diplomacy,Persuasion,Manage,Leading,Taking.Responsibility,Organization,Vision,Dare,Self.Confidence,Independent.Mind,Creativity,Autonomy,Adapt,Stress.Management,Responsiveness,Patience,Respect.Of.Authority,Excel,Determination,Ambition,Work.Ethic,Competitive.Spirit,Motivations,Security,Private.Or.Professional.Life,Philanthropy,Need.To.Belong,Need.For.Relations,Need.For.Variety,Social.Recognations,Pay,IPK,Jenis.Kelamin,Angkatan.th,Kegiatan.dk,Kegiatan.lk,Beasiswa.atau.tdk,Masuk.melalui.jalur,Rencana.stl.lulus,Anak.nomer,Saudara,Tempat.tinggal,Pilihan.jur,Transportasi,totGRP,totN
1,93,20,47,40,7,80,53,60,450,62.5,MID-HIGH,14,LEFT BRAIN DOMINANT,15,1.88,0,5,2.5,0,4.38,2.5,7.5,2.5,5,7.5,5,7.5,10,7.5,6.88,7.5,5,5,10,5,5,5,7.5,2.5,4.69,2.5,2.5,5,2.5,5,7.5,7.5,5,3.09,Pria,2014,TIDAK,Tidak,Tidak,Mandiri,Bekerja di perusahaan,3,2,1,sesuai pilihan pertama dan cocok,kendaraan pribadi roda dua,56,18495.4
2,47,80,47,67,53,20,53,33,490,68.1,MID-HIGH,12,EQUALLY DOMINANT,12,4.38,5,0,5,7.5,6.88,5,7.5,7.5,7.5,4.38,2.5,7.5,2.5,5,3.13,0,5,5,2.5,6.88,7.5,2.5,10,7.5,4.69,2.5,5,7.5,5,5,2.5,2.5,7.5,2.82,Wanita,2016,TIDAK,Ya,Ya,SNMPTN,Bekerja di perusahaan,1,3,3,sesuai pilihan pertama dan cocok,kendaraan pribadi roda dua,56,12993.3
3,73,73,80,73,27,27,20,27,520,72.2,MID-HIGH,11,EQUALLY DOMINANT,16,2.5,5,0,5,0,5.63,2.5,7.5,7.5,5,8.13,10,7.5,7.5,7.5,1.88,2.5,2.5,2.5,0,6.25,7.5,5,7.5,5,5.31,5,5,7.5,2.5,0,7.5,7.5,7.5,3.85,Pria,2016,YA,Ya,Ya,SNMPTN,Bekerja di perusahaan,2,1,3,bukan pilihan pertama tapi cocok,kendaraan pribadi roda dua,56,9943.9
4,33,27,47,7,67,73,53,93,650,90.3,HIGH,15,LEFT BRAIN DOMINANT,16,7.5,5,10,7.5,7.5,6.88,10,10,5,2.5,5.63,2.5,10,7.5,2.5,3.75,5,10,0,0,2.5,0,5,2.5,2.5,4.38,5,7.5,5,7.5,7.5,2.5,0,0,3.45,Pria,2016,YA,Tidak,Tidak,SBMPTN,Melanjutkan S2,1,2,1,sesuai pilihan pertama dan cocok,kendaraan pribadi roda dua,56,39095
5,53,73,40,27,47,27,60,73,570,79.2,HIGH,13,EQUALLY DOMINANT,18,3.75,0,5,5,5,5.63,2.5,10,2.5,7.5,5.63,5,5,7.5,5,6.88,5,5,7.5,10,3.75,5,2.5,5,2.5,4.69,5,5,7.5,5,2.5,2.5,5,5,3.12,Pria,2017,TIDAK,Tidak,Tidak,SBMPTN,Bekerja di perusahaan,2,2,1,bukan pilihan pertama tapi cocok,kendaraan pribadi roda dua,56,35759.7
6,47,40,73,67,53,60,27,33,550,76.4,HIGH,16,LEFT BRAIN DOMINANT,16,3.13,2.5,0,7.5,2.5,6.88,2.5,7.5,10,7.5,5.63,7.5,2.5,7.5,5,2.5,5,0,2.5,2.5,7.5,7.5,5,10,7.5,4.69,5,2.5,7.5,5,7.5,2.5,7.5,0,3.91,Wanita,2017,TIDAK,Ya,Ya,SNMPTN,Bekerja di perusahaan,3,2,2,sesuai pilihan pertama dan cocok,kendaraan umum,56,20069.17
7,53,60,47,67,47,40,53,33,550,76.4,HIGH,15,LEFT BRAIN DOMINANT,16,5,5,5,2.5,7.5,5,0,10,5,5,3.75,7.5,5,0,2.5,4.38,0,5,5,7.5,4.38,7.5,0,7.5,2.5,6.25,7.5,5,0,7.5,7.5,5,7.5,10,3.43,Pria,2016,TIDAK,Tidak,Tidak,Mandiri,Bekerja di perusahaan,1,2,1,sesuai pilihan pertama dan cocok,kendaraan pribadi roda dua,56,14900.9
8,7,47,67,20,93,53,33,80,550,76.4,HIGH,14,LEFT BRAIN DOMINANT,18,3.75,0,5,5,5,7.5,7.5,10,2.5,10,3.13,5,2.5,2.5,2.5,5,5,2.5,2.5,10,4.38,5,0,10,2.5,5.63,5,7.5,2.5,5,7.5,2.5,5,10,3.41,Pria,2017,TIDAK,Tidak,Tidak,SBMPTN,Bekerja di perusahaan,1,1,1,sesuai pilihan pertama dan cocok,kendaraan pribadi roda dua,56,44065
9,47,73,40,60,53,27,60,40,500,69.4,MID-HIGH,10,EQUALLY DOMINANT,12,2.5,0,5,2.5,2.5,6.88,5,10,7.5,5,5,7.5,0,2.5,10,6.25,5,7.5,5,7.5,3.75,2.5,2.5,7.5,2.5,5.31,7.5,5,7.5,5,5,0,5,7.5,3.28,Wanita,2015,TIDAK,Ya,Ya,SNMPTN,Bekerja di perusahaan,2,6,2,sesuai pilihan pertama dan cocok,kendaraan pribadi roda dua,56,15592.65
10,73,73,80,47,27,27,20,53,430,59.7,MID-HIGH,13,EQUALLY DOMINANT,14,1.88,2.5,5,0,0,3.75,2.5,5,5,2.5,6.88,7.5,7.5,5,7.5,5.63,7.5,7.5,0,7.5,5,7.5,2.5,5,5,5.94,7.5,7.5,5,7.5,2.5,5,5,7.5,2.9,Pria,2013,TIDAK,Tidak,Tidak,SBMPTN,Bekerja di perusahaan,2,3,1,bukan pilihan pertama tapi cocok,kendaraan pribadi roda dua,56,24251.5
11,53,80,40,40,47,20,60,60,550,76.4,HIGH,16,LEFT BRAIN DOMINANT,0,3.13,0,2.5,5,5,7.5,10,10,7.5,2.5,5.63,5,2.5,7.5,7.5,3.75,5,7.5,0,2.5,3.75,2.5,5,5,2.5,5.63,7.5,10,10,7.5,2.5,5,0,2.5,3.33,Pria,2016,YA,Tidak,Tidak,SBMPTN,Bekerja di perusahaan,2,2,1,sesuai pilihan pertama dan cocok,kendaraan pribadi roda dua,56,30203.5
12,20,47,67,40,80,53,33,60,480,66.7,MID-HIGH,15,LEFT BRAIN DOMINANT,19,3.75,5,2.5,5,2.5,3.75,5,2.5,2.5,5,7.5,10,2.5,10,7.5,4.38,2.5,10,0,5,5.63,7.5,2.5,7.5,5,5,5,5,5,5,5,5,2.5,7.5,2.62,Pria,2017,YA,Tidak,Tidak,Mandiri,Bekerja di perusahaan,2,1,1,sesuai pilihan pertama dan cocok,kendaraan pribadi roda dua,56,19743
13,67,73,73,60,33,27,27,40,570,79.2,HIGH,16,LEFT BRAIN DOMINANT,15,6.25,2.5,10,5,7.5,5.63,5,7.5,7.5,2.5,5.63,5,7.5,2.5,7.5,4.38,0,7.5,5,5,3.13,2.5,2.5,7.5,0,5,2.5,5,5,5,5,5,5,7.5,3.91,Pria,2017,YA,Tidak,Tidak,SBMPTN,Bekerja di perusahaan,2,2,1,bukan pilihan pertama tapi cocok,kendaraan umum,56,40371.3
14,67,73,80,60,33,27,20,40,510,70.8,MID-HIGH,13,EQUALLY DOMINANT,13,3.75,7.5,2.5,2.5,2.5,6.25,5,7.5,7.5,5,5.63,5,2.5,5,10,6.88,2.5,5,10,10,4.38,7.5,0,5,5,4.06,2.5,0,5,2.5,7.5,0,5,10,3.74,Pria,2017,TIDAK,Tidak,Tidak,Mandiri,Bekerja di perusahaan,3,2,1,sesuai pilihan pertama dan cocok,kendaraan pribadi roda dua,56,21243.9
15,27,67,27,33,73,33,73,67,580,80.6,HIGH,14,LEFT BRAIN DOMINANT,15,5,5,2.5,5,7.5,6.25,7.5,10,7.5,0,3.75,2.5,5,5,2.5,6.88,7.5,7.5,5,7.5,3.75,2.5,2.5,10,0,4.69,5,2.5,7.5,5,5,7.5,0,5,3,Wanita,2014,TIDAK,Ya,Ya,SNMPTN,Bekerja di perusahaan,2,1,1,sesuai pilihan pertama dan cocok,kendaraan pribadi roda dua,56,32257.2
16,20,60,40,13,80,40,60,87,530,73.6,MID-HIGH,15,LEFT BRAIN DOMINANT,17,6.88,2.5,7.5,10,7.5,5.63,2.5,7.5,7.5,5,5,7.5,2.5,5,5,3.75,2.5,5,5,2.5,4.38,0,7.5,7.5,2.5,4.69,2.5,7.5,5,5,7.5,5,2.5,2.5,3.59,Wanita,2017,TIDAK,Tidak,Tidak,SBMPTN,Bekerja di perusahaan,1,2,1,bukan pilihan pertama tapi cocok,kendaraan pribadi roda dua,56,18671.4
17,33,60,27,33,67,40,73,67,510,70.8,MID-HIGH,15,LEFT BRAIN DOMINANT,15,5,5,2.5,7.5,5,5.63,5,5,7.5,5,5.63,2.5,5,7.5,7.5,3.13,2.5,5,2.5,2.5,5.63,5,5,7.5,5,5,5,2.5,7.5,7.5,5,2.5,2.5,7.5,3.29,Wanita,2017,TIDAK,Ya,Ya,SNMPTN,Melanjutkan S2,3,3,1,sesuai pilihan pertama dan cocok,kendaraan pribadi roda dua,56,43968.5
18,7,60,27,33,93,40,73,67,540,75,MID-HIGH,14,LEFT BRAIN DOMINANT,17,5.63,2.5,7.5,10,2.5,7.5,10,7.5,7.5,5,6.25,7.5,5,10,2.5,4.38,5,7.5,2.5,2.5,3.75,2.5,5,5,2.5,3.75,5,5,5,7.5,5,0,0,2.5,2.44,Pria,2017,TIDAK,Tidak,Tidak,SBMPTN,Bekerja di perusahaan,1,1,3,bukan pilihan pertama tapi cocok,kendaraan pribadi roda dua,56,12688.9
19,73,47,67,60,27,53,33,40,510,70.8,MID-HIGH,14,LEFT BRAIN DOMINANT,16,5,2.5,5,2.5,10,5.63,5,10,2.5,5,5.63,7.5,5,5,5,5.63,7.5,10,0,5,4.38,2.5,5,7.5,2.5,4.38,7.5,5,2.5,2.5,7.5,0,2.5,7.5,2.67,Pria,2016,TIDAK,Tidak,Tidak,Mandiri,Bekerja di perusahaan,2,1,1,sesuai pilihan pertama dan cocok,kendaraan pribadi roda dua,56,35481.7
20,73,60,47,87,27,40,53,13,430,59.7,MID-HIGH,14,LEFT BRAIN DOMINANT,17,2.5,0,5,2.5,2.5,8.13,7.5,10,7.5,7.5,5,7.5,5,0,7.5,5,5,5,5,5,3.75,5,5,2.5,2.5,5.31,2.5,7.5,2.5,5,2.5,2.5,10,10,3.35,Pria,2016,TIDAK,Ya,Ya,SNMPTN,Bekerja di perusahaan,1,2,1,sesuai pilihan pertama dan cocok,kendaraan pribadi roda dua,56,11090.9
21,47,47,53,47,53,53,47,53,470,65.3,MID-HIGH,17,LEFT BRAIN DOMINANT,17,3.13,2.5,2.5,2.5,5,5.63,7.5,7.5,2.5,5,5,0,10,7.5,2.5,6.25,7.5,10,2.5,5,5,2.5,5,7.5,5,5,7.5,5,2.5,5,7.5,2.5,5,5,3.15,Pria,2017,TIDAK,Tidak,Tidak,Mandiri,Bekerja di perusahaan,1,0,3,bukan pilihan pertama tapi cocok,kendaraan pribadi roda dua,56,11139.9
22,27,53,53,20,73,47,47,80,560,77.8,HIGH,13,EQUALLY DOMINANT,18,3.75,2.5,7.5,2.5,2.5,5.63,5,10,0,7.5,5.63,2.5,7.5,7.5,5,5,2.5,5,5,7.5,5,5,5,7.5,2.5,5,7.5,5,10,0,5,5,5,2.5,3.09,Wanita,2017,TIDAK,Tidak,Tidak,Mandiri,Bekerja di perusahaan,2,2,2,sesuai pilihan pertama dan cocok,Bersama teman,56,35444.7
23,80,80,60,73,20,20,40,27,480,66.7,MID-HIGH,12,EQUALLY DOMINANT,16,6.25,5,10,5,5,6.88,5,10,7.5,5,5,7.5,2.5,2.5,7.5,5,7.5,0,2.5,10,0.63,0,0,2.5,0,5.63,5,7.5,5,2.5,2.5,5,7.5,10,1,Wanita,2015,TIDAK,Tidak,Tidak,SBMPTN,Bekerja di perusahaan,1,2,1,sesuai pilihan pertama dan cocok,kendaraan pribadi roda dua,56,39982
24,33,67,60,33,67,33,40,67,520,72.2,MID-HIGH,12,EQUALLY DOMINANT,18,5,5,7.5,2.5,5,5.63,5,10,5,2.5,4.38,7.5,5,2.5,2.5,5.63,5,10,0,7.5,3.75,5,5,2.5,2.5,5.31,7.5,7.5,7.5,5,2.5,2.5,2.5,7.5,3.18,Wanita,2014,YA,Tidak,Tidak,SNMPTN,Melanjutkan S2,1,1,1,bukan pilihan pertama tapi cocok,kendaraan pribadi roda dua,56,11248.5
25,100,67,87,93,0,33,13,7,480,66.7,MID-HIGH,10,EQUALLY DOMINANT,19,3.13,2.5,2.5,5,2.5,5,2.5,2.5,7.5,7.5,6.88,10,5,2.5,10,4.38,5,2.5,5,5,5.63,7.5,7.5,5,2.5,5,10,2.5,2.5,2.5,7.5,0,10,5,3.5,Pria,2017,TIDAK,Tidak,Tidak,SNMPTN,Bekerja di perusahaan,2,2,1,sesuai pilihan pertama dan cocok,kendaraan pribadi roda dua,56,20140.4
26,60,47,80,47,40,53,20,53,580,80.6,HIGH,14,LEFT BRAIN DOMINANT,19,3.75,2.5,0,5,7.5,2.5,2.5,2.5,0,5,5.63,7.5,5,0,10,4.38,2.5,7.5,2.5,5,8.75,10,7.5,10,7.5,5,7.5,2.5,5,5,5,2.5,7.5,5,3.45,Wanita,2015,TIDAK,Tidak,Ya,SNMPTN,Bekerja di perusahaan,1,1,1,sesuai pilihan pertama dan cocok,kendaraan pribadi roda dua,56,36843.4
27,67,60,67,53,33,40,33,47,560,77.8,HIGH,10,EQUALLY DOMINANT,8,4.38,5,2.5,5,5,5,2.5,10,7.5,0,4.38,7.5,2.5,0,7.5,5.63,2.5,10,5,5,3.75,2.5,0,5,7.5,5.94,7.5,10,7.5,2.5,2.5,2.5,5,10,2.65,Wanita,2016,YA,Ya,Tidak,SNMPTN,Bekerja di perusahaan,1,2,2,sesuai pilihan pertama dan cocok,kendaraan pribadi roda dua,56,80175.4
28,73,33,67,27,27,67,33,73,540,75,MID-HIGH,15,LEFT BRAIN DOMINANT,16,1.88,2.5,0,2.5,2.5,3.75,0,7.5,0,7.5,7.5,7.5,7.5,7.5,7.5,5,7.5,5,2.5,5,6.88,7.5,7.5,7.5,5,5,10,2.5,7.5,2.5,2.5,7.5,5,2.5,3.12,Wanita,2016,YA,Tidak,Ya,SNMPTN,Bekerja di perusahaan,1,1,1,sesuai pilihan pertama dan cocok,kendaraan pribadi roda dua,56,35326.4
29,47,73,47,60,53,27,53,40,530,73.6,MID-HIGH,16,LEFT BRAIN DOMINANT,9,5.63,7.5,5,5,5,5,7.5,5,5,2.5,3.75,2.5,7.5,2.5,2.5,6.88,2.5,7.5,10,7.5,4.38,5,2.5,5,5,4.69,5,5,5,5,2.5,2.5,5,7.5,3.09,Wanita,2014,TIDAK,Tidak,Tidak,SNMPTN,Melanjutkan S2,1,2,3,sesuai pilihan pertama tapi tidak cocok,kendaraan pribadi roda empat,56,16420.35
30,40,73,73,67,60,27,27,33,610,84.7,HIGH,14,LEFT BRAIN DOMINANT,15,5.63,5,7.5,5,5,6.25,7.5,7.5,2.5,7.5,3.75,7.5,5,2.5,0,3.75,2.5,5,5,2.5,5.63,7.5,2.5,5,7.5,5,5,5,7.5,2.5,5,5,5,5,2.85,Pria,2016,TIDAK,Tidak,Tidak,SNMPTN,Bekerja di perusahaan,2,3,1,sesuai pilihan pertama dan cocok,kendaraan pribadi roda dua,56,36133.6
31,40,60,13,27,60,40,87,73,580,80.6,HIGH,11,EQUALLY DOMINANT,16,5,5,5,7.5,2.5,4.38,2.5,7.5,5,2.5,6.25,5,5,7.5,7.5,5,0,7.5,7.5,5,3.75,2.5,7.5,2.5,2.5,5.31,10,7.5,7.5,7.5,5,2.5,0,2.5,3.24,Pria,2017,TIDAK,Tidak,Tidak,SNMPTN,Melanjutkan S2,2,1,1,sesuai pilihan pertama dan cocok,kendaraan pribadi roda dua,56,20727.7
32,27,67,47,40,73,33,53,60,490,68.1,MID-HIGH,11,EQUALLY DOMINANT,15,5,5,10,0,5,4.38,2.5,10,2.5,2.5,3.75,5,2.5,5,2.5,6.25,5,7.5,2.5,10,3.75,5,0,7.5,2.5,5.94,2.5,7.5,0,10,10,5,2.5,10,3.03,Wanita,2013,TIDAK,Tidak,Tidak,SNMPTN,Bekerja di perusahaan,1,1,3,sesuai pilihan pertama dan cocok,kendaraan pribadi roda dua,56,35965.4
33,47,40,47,33,53,60,53,67,620,86.1,HIGH,15,LEFT BRAIN DOMINANT,14,5,7.5,5,2.5,5,5,7.5,10,2.5,0,4.38,5,7.5,5,0,5,2.5,7.5,5,5,5.63,5,5,10,2.5,5,5,5,7.5,5,5,7.5,0,5,3.35,Wanita,2014,YA,Tidak,Tidak,SNMPTN,Bekerja di perusahaan,1,2,1,sesuai pilihan pertama dan cocok,kendaraan pribadi roda dua,56,151592
34,20,53,33,60,80,47,67,40,570,79.2,HIGH,14,LEFT BRAIN DOMINANT,18,4.38,5,2.5,5,5,4.38,5,10,2.5,0,4.38,7.5,5,0,5,6.25,0,10,7.5,7.5,4.38,5,2.5,7.5,2.5,5.63,7.5,7.5,7.5,2.5,5,5,5,5,3.5,Wanita,2017,TIDAK,Tidak,Tidak,SBMPTN,Melanjutkan S2,2,1,3,sesuai pilihan pertama dan cocok,kendaraan pribadi roda dua,56,16011.9
35,93,80,100,80,7,20,40,20,430,59.7,MID-HIGH,13,EQUALLY DOMINANT,15,1.88,0,2.5,2.5,2.5,6.25,2.5,7.5,10,5,6.88,7.5,5,5,10,3.75,5,2.5,5,2.5,5.63,7.5,2.5,5,7.5,5.31,7.5,5,0,5,5,2.5,7.5,10,3.46,Pria,2017,YA,Ya,Tidak,SBMPTN,Melanjutkan S2,1,0,3,sesuai pilihan pertama dan cocok,kendaraan pribadi roda empat,56,77599.5
36,60,40,27,47,40,60,73,53,390,54.2,MID-HIGH,14,LEFT BRAIN DOMINANT,16,5.63,7.5,5,5,5,5.63,5,10,5,2.5,2.5,0,5,5,0,5.63,2.5,7.5,2.5,10,5,5,5,7.5,2.5,5.31,7.5,7.5,2.5,5,7.5,5,0,7.5,3.44,Wanita,2014,TIDAK,Tidak,Ya,SNMPTN,Bekerja di perusahaan,1,2,1,sesuai pilihan pertama dan cocok,kendaraan pribadi roda dua,56,18352
37,20,33,33,40,80,67,67,60,560,77.8,HIGH,11,EQUALLY DOMINANT,18,3.75,5,0,5,5,5.63,7.5,10,2.5,2.5,3.13,5,2.5,2.5,2.5,5,0,10,5,5,5.63,7.5,2.5,7.5,5,5.94,2.5,5,5,5,5,7.5,7.5,10,3.02,Wanita,2015,YA,Tidak,Tidak,SNMPTN,Bekerja di perusahaan,1,2,1,sesuai pilihan pertama dan cocok,kendaraan pribadi roda dua,56,35438.9
38,47,40,60,33,53,60,40,67,480,66.7,MID-HIGH,15,LEFT BRAIN DOMINANT,14,5,0,10,2.5,7.5,6.25,5,7.5,7.5,5,4.38,5,5,5,2.5,5.63,5,10,0,7.5,3.75,5,2.5,5,2.5,5,5,10,7.5,7.5,2.5,2.5,2.5,2.5,3.49,Wanita,2016,TIDAK,Tidak,Tidak,SNMPTN,Bekerja di perusahaan,3,2,1,sesuai pilihan pertama dan cocok,kendaraan pribadi roda dua,56,16635.55
39,27,60,47,33,73,40,53,67,520,72.2,MID-HIGH,14,LEFT BRAIN DOMINANT,14,5,5,5,2.5,7.5,5.63,7.5,7.5,2.5,5,4.38,7.5,5,0,5,4.38,5,5,2.5,5,4.38,5,5,5,2.5,5.63,5,7.5,2.5,5,5,5,5,10,2.83,Wanita,2016,YA,Tidak,Tidak,SNMPTN,Bekerja di perusahaan,2,3,1,sesuai pilihan pertama dan cocok,kendaraan pribadi roda dua,56,39593.5
40,67,60,73,33,33,40,27,67,520,72.2,MID-HIGH,17,LEFT BRAIN DOMINANT,18,5,2.5,7.5,5,5,5.63,10,5,2.5,5,4.38,7.5,2.5,2.5,5,5.63,5,5,10,2.5,3.13,5,0,2.5,5,5.63,5,5,2.5,10,7.5,5,2.5,7.5,3.09,Pria,2015,YA,Tidak,Tidak,SBMPTN,Melanjutkan S2,3,2,1,sesuai pilihan pertama dan cocok,kendaraan pribadi roda dua,56,20102.4
41,40,67,60,47,60,33,40,53,570,79.2,HIGH,16,LEFT BRAIN DOMINANT,16,3.13,2.5,0,2.5,7.5,5.63,7.5,7.5,2.5,5,5.63,7.5,5,5,5,5,2.5,5,7.5,5,6.25,7.5,2.5,5,10,4.69,5,5,5,2.5,5,5,2.5,7.5,3.82,Pria,2017,TIDAK,Tidak,Tidak,SNMPTN,Bekerja di perusahaan,1,2,1,sesuai pilihan pertama dan cocok,kendaraan pribadi roda dua,56,13580.7
42,33,73,40,40,67,27,60,60,600,83.3,HIGH,10,EQUALLY DOMINANT,15,5.63,5,7.5,5,5,5.63,2.5,10,5,5,3.75,0,7.5,2.5,5,5,0,7.5,7.5,5,4.38,5,0,10,2.5,5.31,7.5,7.5,2.5,2.5,7.5,0,5,10,2.77,Pria,2016,YA,Ya,Tidak,Mandiri,Bekerja di perusahaan,1,2,3,bukan pilihan pertama tapi cocok,kendaraan pribadi roda dua,56,36777.75
43,33,47,53,40,67,53,47,60,590,81.9,HIGH,14,LEFT BRAIN DOMINANT,17,5.63,5,7.5,2.5,7.5,6.88,10,10,5,2.5,5.63,10,5,5,2.5,5,5,5,5,5,3.75,5,2.5,2.5,5,4.06,5,5,7.5,5,5,2.5,0,2.5,3.74,Pria,2017,TIDAK,Tidak,Ya,SNMPTN,Melanjutkan S2,3,2,2,sesuai pilihan pertama dan cocok,kendaraan pribadi roda dua,56,17377
44,67,67,80,67,33,33,20,33,520,72.2,MID-HIGH,16,LEFT BRAIN DOMINANT,10,3.13,5,7.5,0,0,7.5,5,10,7.5,7.5,6.88,10,2.5,5,10,4.38,5,0,5,7.5,3.75,5,0,5,5,4.69,0,7.5,2.5,5,10,0,2.5,10,2,Pria,2017,YA,Tidak,Tidak,Mandiri,Melanjutkan S2,2,3,3,bukan pilihan pertama tapi cocok,kendaraan pribadi roda dua,56,7441.3
45,27,40,60,40,73,60,40,60,520,72.2,MID-HIGH,12,EQUALLY DOMINANT,17,5.63,7.5,5,5,5,5,7.5,5,5,2.5,3.75,5,0,2.5,7.5,5.63,0,5,10,7.5,3.75,2.5,0,5,7.5,5.63,0,2.5,7.5,7.5,7.5,5,5,10,2.88,Pria,2017,TIDAK,Tidak,Tidak,SNMPTN,Melanjutkan S2,2,3,1,sesuai pilihan pertama dan cocok,kendaraan umum,56,343841
46,20,47,60,33,80,53,40,67,550,76.4,HIGH,17,LEFT BRAIN DOMINANT,16,5.63,5,5,5,7.5,5,5,10,5,0,4.38,10,0,5,2.5,5.63,2.5,10,2.5,7.5,3.75,5,5,5,0,5.31,10,5,5,5,7.5,5,2.5,2.5,2.24,Pria,2017,YA,Tidak,Tidak,SBMPTN,Melanjutkan S2,3,2,1,sesuai pilihan pertama dan cocok,kendaraan pribadi roda dua,56,15976.7
47,13,67,53,53,87,33,47,47,610,84.7,HIGH,15,LEFT BRAIN DOMINANT,18,5,7.5,2.5,5,5,6.25,10,7.5,5,2.5,6.25,7.5,5,7.5,5,3.75,0,5,5,5,4.38,5,5,5,2.5,4.69,5,5,10,5,7.5,2.5,2.5,0,3.74,Pria,2017,YA,Tidak,Tidak,SNMPTN,Melanjutkan S2,2,2,1,sesuai pilihan pertama dan cocok,kendaraan umum,56,16325.5
48,47,80,47,73,53,20,53,27,490,68.1,MID-HIGH,11,EQUALLY DOMINANT,15,5,5,5,5,5,3.75,0,7.5,7.5,0,5,5,5,2.5,7.5,5,0,10,5,5,4.38,5,5,2.5,5,5.94,10,5,2.5,5,5,5,7.5,7.5,3.02,Wanita,2015,TIDAK,Ya,Tidak,SNMPTN,Bekerja di perusahaan,2,2,3,sesuai pilihan pertama tapi tidak cocok,kendaraan pribadi roda empat,56,19190.5
49,87,67,60,40,13,33,40,60,490,68.1,MID-HIGH,14,LEFT BRAIN DOMINANT,14,4.38,2.5,7.5,2.5,5,4.38,5,7.5,2.5,2.5,5.63,5,7.5,2.5,7.5,6.25,7.5,5,5,7.5,3.13,2.5,2.5,5,2.5,5.63,5,5,5,5,7.5,5,2.5,10,2.73,Wanita,2016,TIDAK,Tidak,Ya,SNMPTN,Bekerja sendiri,2,2,2,sesuai pilihan pertama dan cocok,kendaraan pribadi roda dua,56,11687.9
50,67,67,60,73,33,33,40,27,570,79.2,HIGH,16,LEFT BRAIN DOMINANT,14,5,5,2.5,7.5,5,7.5,5,7.5,10,7.5,6.25,7.5,2.5,7.5,7.5,4.38,5,0,7.5,5,5,2.5,7.5,7.5,2.5,3.44,2.5,5,5,2.5,2.5,2.5,5,2.5,3.18,Pria,2016,TIDAK,Tidak,Tidak,SNMPTN,Bekerja di perusahaan,2,2,1,sesuai pilihan pertama dan cocok,kendaraan pribadi roda dua,56,15987.1
51,47,73,60,53,53,27,40,47,560,77.8,HIGH,17,LEFT BRAIN DOMINANT,18,5.63,5,7.5,7.5,2.5,5.63,5,7.5,7.5,2.5,5.63,10,5,5,2.5,5.63,5,7.5,5,5,3.75,2.5,5,5,2.5,4.38,2.5,5,7.5,2.5,5,5,2.5,5,3.65,Pria,2017,YA,Ya,Tidak,SBMPTN,Melanjutkan S2,2,3,1,bukan pilihan pertama tapi cocok,kendaraan pribadi roda dua,56,34908.4
52,20,47,27,20,80,53,73,80,530,73.6,MID-HIGH,15,LEFT BRAIN DOMINANT,12,6.25,5,7.5,5,7.5,2.5,5,2.5,0,2.5,3.75,2.5,7.5,5,0,6.88,5,10,2.5,10,3.75,5,0,2.5,7.5,5.94,5,2.5,7.5,7.5,7.5,5,2.5,10,2.96,Pria,2013,Fotografi,Tidak,Ya,SNMPTN,Bekerja di perusahaan,5,4,1,sesuai pilihan pertama tapi tidak cocok,tidak ada,56,154783.83
53,47,67,67,33,53,33,33,67,580,80.6,HIGH,13,EQUALLY DOMINANT,16,5.63,5,7.5,0,10,5,5,5,5,5,5,5,7.5,5,2.5,4.38,10,2.5,0,5,5,2.5,5,2.5,10,5,7.5,5,10,5,5,5,2.5,0,3.28,Pria,2014,TIDAK,Ya,Tidak,SBMPTN,Bekerja di perusahaan,2,4,1`,sesuai pilihan pertama dan cocok,kendaraan pribadi roda empat,56,16165.4
54,87,47,67,60,13,53,33,40,480,66.7,MID-HIGH,13,EQUALLY DOMINANT,16,3.75,2.5,0,5,7.5,5.63,2.5,10,5,5,5,5,5,2.5,7.5,6.88,2.5,10,7.5,7.5,6.88,5,5,10,7.5,3.44,2.5,2.5,7.5,0,0,2.5,7.5,5,3.41,Pria,2017,TIDAK,Ya,Ya,SBMPTN,Bekerja di perusahaan,3,2,2,bukan pilihan pertama dan tidak cocok,jalan,56,927842.9
55,60,53,67,73,40,47,33,27,530,73.6,MID-HIGH,12,EQUALLY DOMINANT,15,1.88,2.5,0,2.5,2.5,6.88,10,7.5,5,5,6.25,5,7.5,7.5,5,5,5,7.5,2.5,5,5.63,7.5,2.5,7.5,5,4.69,5,0,7.5,2.5,5,5,5,7.5,3.18,Wanita,2015,TIDAK,Tidak,Ya,SNMPTN,Bekerja di perusahaan,1,1,1,sesuai pilihan pertama tapi tidak cocok,kendaraan pribadi roda dua,56,155963.5
56,33,53,60,67,67,47,40,33,400,55.6,MID-HIGH,15,LEFT BRAIN DOMINANT,15,4.38,2.5,5,5,5,5,2.5,5,5,7.5,5,5,5,7.5,2.5,5,0,7.5,5,7.5,4.38,7.5,0,5,5,5.63,7.5,7.5,5,5,0,5,5,10,3.12,Pria,2017,YA,Ya,Tidak,SBMPTN,Bekerja di perusahaan,2,2,1,bukan pilihan pertama tapi cocok,kendaraan pribadi roda dua,56,156546.5
57,53,33,20,33,47,67,80,67,510,70.8,MID-HIGH,16,LEFT BRAIN DOMINANT,12,2.5,0,2.5,2.5,5,4.38,0,2.5,7.5,7.5,6.88,7.5,2.5,7.5,10,3.75,5,2.5,2.5,5,6.25,7.5,2.5,5,10,5.63,7.5,7.5,5,7.5,2.5,2.5,7.5,5,3.13,Pria,2016,YA,Ya,Ya,Mandiri,Bekerja di perusahaan,3,2,1,sesuai pilihan pertama dan cocok,kendaraan pribadi roda dua,56,25596
58,60,67,67,27,40,33,33,73,510,70.8,MID-HIGH,15,LEFT BRAIN DOMINANT,17,5,2.5,5,7.5,5,3.75,0,7.5,5,2.5,6.88,5,5,10,7.5,4.38,2.5,5,2.5,7.5,5,5,2.5,7.5,5,5,7.5,10,10,2.5,0,7.5,2.5,0,3.82,Pria,2017,YA,Tidak,Ya,SBMPTN,Bekerja di perusahaan,1,0,1,sesuai pilihan pertama dan cocok,kendaraan pribadi roda dua,56,16902.5
59,93,67,40,53,7,33,60,47,560,77.8,HIGH,12,EQUALLY DOMINANT,16,5,2.5,7.5,2.5,7.5,6.25,5,10,2.5,7.5,4.38,5,5,0,7.5,5,0,5,5,10,3.75,5,2.5,7.5,0,5.31,2.5,7.5,7.5,5,5,7.5,2.5,5,3.07,Wanita,2013,TIDAK,Tidak,Tidak,SNMPTN,Bekerja di perusahaan,1,2,1,bukan pilihan pertama tapi cocok,kendaraan pribadi roda dua,56,39291.3
60,40,47,60,67,60,53,40,33,510,70.8,MID-HIGH,14,LEFT BRAIN DOMINANT,14,4.38,7.5,2.5,2.5,5,4.38,5,7.5,5,0,6.88,10,5,5,7.5,5.63,2.5,7.5,5,7.5,4.38,5,5,5,2.5,4.69,5,2.5,5,7.5,0,7.5,7.5,2.5,2.98,Wanita,2014,TIDAK,Tidak,Tidak,SNMPTN,Bekerja di perusahaan,2,1,3,sesuai pilihan pertama tapi tidak cocok,Jalan kaki,56,153365.5
61,100,73,93,67,0,27,7,33,580,80.6,HIGH,12,EQUALLY DOMINANT,16,3.13,5,5,2.5,0,5,2.5,5,7.5,5,6.88,10,5,2.5,10,3.75,7.5,0,2.5,5,5.63,7.5,5,2.5,7.5,5.31,5,5,2.5,2.5,5,2.5,10,10,3.33,Pria,2016,YA,Tidak,Tidak,SBMPTN,Bekerja di perusahaan,2,1,1,bukan pilihan pertama tapi cocok,kendaraan pribadi roda dua,56,15121.9
62,60,33,80,47,40,67,20,53,530,73.6,MID-HIGH,18,LEFT BRAIN DOMINANT,14,3.75,2.5,5,0,7.5,5.63,7.5,7.5,5,2.5,5,5,5,7.5,2.5,5,10,5,0,5,5,5,5,7.5,2.5,5.31,5,7.5,5,5,5,7.5,5,2.5,3.65,Pria,2017,TIDAK,Tidak,Tidak,SBMPTN,Melanjutkan S2,3,2,1,sesuai pilihan pertama dan cocok,kendaraan umum,56,37441.3
63,60,47,27,67,40,53,73,33,360,50,LOW,13,EQUALLY DOMINANT,16,6.25,5,10,5,5,5,5,10,2.5,2.5,4.38,0,7.5,7.5,2.5,5.63,2.5,7.5,5,7.5,3.13,0,5,7.5,0,5.31,5,5,7.5,2.5,0,10,7.5,5,3.56,Pria,2017,TIDAK,Ya,Tidak,SBMPTN,Bekerja di perusahaan,1,0,1,sesuai pilihan pertama dan cocok,kendaraan pribadi roda dua,56,12246
64,73,60,47,53,27,40,53,47,520,72.2,MID-HIGH,14,LEFT BRAIN DOMINANT,14,4.38,2.5,2.5,5,7.5,6.25,2.5,10,5,7.5,6.88,7.5,7.5,5,7.5,2.5,7.5,0,2.5,0,6.88,7.5,7.5,7.5,5,4.06,5,2.5,7.5,2.5,5,2.5,5,2.5,3.57,Pria,2017,TIDAK,Ya,Ya,Mandiri,Melanjutkan S2,3,3,1,sesuai pilihan pertama dan cocok,kendaraan umum,56,21417
65,33,73,27,33,67,27,73,67,500,69.4,MID-HIGH,14,LEFT BRAIN DOMINANT,19,5,2.5,7.5,5,5,5,0,10,5,5,4.38,2.5,7.5,5,2.5,5,0,7.5,5,7.5,4.38,5,0,7.5,5,5.63,7.5,5,7.5,5,5,2.5,5,7.5,3.16,Wanita,2015,TIDAK,Tidak,Ya,SNMPTN,Bekerja di perusahaan,2,2,1,sesuai pilihan pertama tapi tidak cocok,kendaraan pribadi roda dua,56,20132.9
66,33,60,47,40,67,40,53,60,470,65.3,MID-HIGH,12,EQUALLY DOMINANT,17,5,5,7.5,2.5,5,6.88,7.5,10,5,5,5,5,7.5,5,2.5,4.38,5,2.5,2.5,7.5,3.13,5,2.5,2.5,2.5,5.31,5,2.5,5,7.5,2.5,7.5,5,7.5,3.15,Wanita,2017,TIDAK,Tidak,Tidak,Mandiri,Melanjutkan S2,1,0,1,bukan pilihan pertama tapi cocok,kendaraan pribadi roda dua,56,20132
67,60,53,47,33,40,47,53,67,520,72.2,MID-HIGH,15,LEFT BRAIN DOMINANT,13,7.5,10,10,2.5,7.5,6.25,5,7.5,7.5,5,5.63,5,5,7.5,5,2.5,2.5,2.5,0,5,3.75,5,2.5,7.5,0,4.69,2.5,5,7.5,2.5,7.5,5,2.5,5,3.47,Wanita,2017,TIDAK,Tidak,Tidak,SNMPTN,Bekerja di perusahaan,2,2,1,sesuai pilihan pertama dan cocok,kendaraan pribadi roda dua,56,160354.3
68,7,53,53,33,93,47,47,67,540,75,MID-HIGH,15,LEFT BRAIN DOMINANT,17,5.63,5,10,2.5,5,6.25,10,7.5,2.5,5,5.63,10,2.5,7.5,2.5,6.25,7.5,5,2.5,10,2.5,2.5,2.5,2.5,2.5,4.38,2.5,5,2.5,10,10,0,0,5,3.82,Pria,2017,TIDAK,Tidak,Tidak,SBMPTN,Bekerja di perusahaan,2,2,1,sesuai pilihan pertama dan cocok,kendaraan pribadi roda dua,56,16038.9
69,47,33,20,53,53,67,80,47,470,65.3,MID-HIGH,15,LEFT BRAIN DOMINANT,17,3.75,2.5,2.5,5,5,4.38,5,5,2.5,5,4.38,5,2.5,5,5,5.63,5,10,2.5,5,6.25,7.5,5,5,7.5,5.31,7.5,5,10,7.5,2.5,2.5,5,2.5,3.56,Pria,2017,TIDAK,Tidak,Tidak,SBMPTN,Bekerja sendiri,1,2,3,sesuai pilihan pertama dan cocok,kendaraan pribadi roda dua,56,28757.8
70,60,40,60,67,40,60,40,33,410,56.9,MID-HIGH,18,LEFT BRAIN DOMINANT,14,5,7.5,2.5,7.5,2.5,5.63,7.5,5,5,5,5.63,5,7.5,7.5,2.5,5.63,7.5,7.5,2.5,5,4.38,2.5,2.5,5,7.5,4.38,2.5,2.5,5,2.5,5,2.5,5,10,2.97,Pria,2017,TIDAK,Tidak,Tidak,Mandiri,Bekerja di perusahaan,4,3,2,bukan pilihan pertama tapi cocok,kendaraan pribadi roda dua,56,17444
71,33,73,27,60,67,27,73,40,480,66.7,MID-HIGH,11,EQUALLY DOMINANT,8,3.75,2.5,5,0,7.5,6.25,5,10,7.5,2.5,6.88,5,5,7.5,10,5,5,5,2.5,7.5,3.13,7.5,2.5,0,2.5,5,7.5,2.5,2.5,10,10,2.5,2.5,2.5,3.01,Pria,2015,YA,Tidak,Tidak,Mandiri,Bekerja di perusahaan,1,2,1,sesuai pilihan pertama dan cocok,kendaraan pribadi roda dua,56,18984.3
72,67,40,47,80,33,60,53,20,530,73.6,MID-HIGH,12,EQUALLY DOMINANT,10,3.75,0,5,2.5,7.5,6.25,5,10,0,10,5.63,5,10,2.5,5,5,7.5,2.5,7.5,2.5,5,5,5,2.5,7.5,4.69,7.5,2.5,5,7.5,5,2.5,2.5,5,3.74,Pria,2017,TIDAK,Tidak,Tidak,SBMPTN,Bekerja di perusahaan,1,3,1,bukan pilihan pertama tapi cocok,kendaraan pribadi roda dua,56,4869.58
73,80,67,60,60,20,33,40,40,530,73.6,MID-HIGH,15,LEFT BRAIN DOMINANT,15,5,2.5,5,5,7.5,6.25,2.5,7.5,7.5,7.5,5.63,10,5,0,7.5,4.38,5,2.5,2.5,7.5,4.38,7.5,2.5,2.5,5,4.69,5,7.5,2.5,7.5,2.5,2.5,5,5,2.39,Pria,2016,YA,Ya,Tidak,SNMPTN,Bekerja sendiri,1,1,3,sesuai pilihan pertama dan cocok,kendaraan pribadi roda dua,56,29165.8
74,80,60,60,60,20,40,40,40,490,68.1,MID-HIGH,14,LEFT BRAIN DOMINANT,17,2.5,5,0,5,0,4.38,2.5,5,5,5,5.63,5,5,5,7.5,6.88,5,7.5,7.5,7.5,5,7.5,2.5,10,0,5.31,7.5,2.5,7.5,2.5,5,5,7.5,5,3.37,Wanita,2014,YA,Tidak,Ya,SNMPTN,Bekerja di perusahaan,2,2,1,sesuai pilihan pertama tapi tidak cocok,jalan kaki,56,11602.4
75,47,73,40,60,53,27,60,40,520,72.2,MID-HIGH,12,EQUALLY DOMINANT,16,5,5,5,2.5,7.5,3.13,2.5,7.5,2.5,0,4.38,5,7.5,2.5,2.5,6.25,2.5,10,5,7.5,6.25,5,2.5,10,7.5,5,5,5,10,2.5,5,7.5,5,0,3.53,Pria,2016,TIDAK,Tidak,Tidak,SBMPTN,Melanjutkan S2,2,2,3,sesuai pilihan pertama dan cocok,kendaraan pribadi roda dua,56,15431.9
76,53,40,47,53,47,60,53,47,560,77.8,HIGH,17,LEFT BRAIN DOMINANT,16,3.75,5,2.5,5,2.5,4.38,2.5,7.5,5,2.5,8.13,7.5,7.5,10,7.5,3.75,5,5,0,5,6.88,7.5,7.5,7.5,5,4.06,5,7.5,7.5,2.5,2.5,2.5,2.5,2.5,3.19,Wanita,2014,TIDAK,Tidak,Tidak,SNMPTN,Bekerja di perusahaan,1,2,1,sesuai pilihan pertama dan cocok,kendaraan pribadi roda dua,56,37192.5
77,33,33,73,73,67,67,27,27,540,75,MID-HIGH,13,EQUALLY DOMINANT,12,3.75,5,0,5,5,6.88,7.5,7.5,7.5,5,4.38,7.5,2.5,0,7.5,4.38,5,7.5,2.5,2.5,5.63,7.5,5,10,0,5,5,7.5,0,5,5,2.5,7.5,7.5,2.62,Wanita,2017,TIDAK,Tidak,Tidak,Mandiri,Bekerja di perusahaan,1,1,1,sesuai pilihan pertama dan cocok,kendaraan pribadi roda dua,56,46951
78,7,0,87,13,93,100,13,87,550,76.4,HIGH,16,LEFT BRAIN DOMINANT,17,2.5,2.5,2.5,2.5,2.5,5,7.5,2.5,2.5,7.5,6.25,7.5,5,10,2.5,5.63,5,10,0,7.5,5,7.5,7.5,0,5,5.31,7.5,7.5,0,5,7.5,2.5,5,7.5,3.15,Wanita,2014,YA,Ya,Tidak,SBMPTN,Bekerja di perusahaan,1,3,1,sesuai pilihan pertama tapi tidak cocok,kaki,56,11568.4
79,13,53,33,27,87,47,67,73,530,73.6,MID-HIGH,14,LEFT BRAIN DOMINANT,16,4.38,5,2.5,5,5,5,10,5,5,0,6.88,7.5,5,10,5,3.75,5,5,0,5,5.63,7.5,2.5,7.5,5,4.69,5,7.5,7.5,7.5,2.5,5,2.5,0,3.38,Wanita,2017,TIDAK,Tidak,Ya,SNMPTN,Bekerja sendiri,2,1,2,sesuai pilihan pertama dan cocok,kendaraan umum,56,15678.25
80,53,47,67,60,47,53,33,40,520,72.2,MID-HIGH,10,EQUALLY DOMINANT,18,6.25,5,7.5,5,7.5,6.88,5,10,7.5,5,4.38,5,2.5,2.5,7.5,5,5,0,7.5,7.5,1.25,0,0,5,0,5.63,5,5,7.5,7.5,5,7.5,0,7.5,2.89,Pria,2015,TIDAK,Tidak,Tidak,SBMPTN,Bekerja di perusahaan,2,1,1,sesuai pilihan pertama dan cocok,kendaraan pribadi roda dua,56,11062.4
81,7,33,47,33,93,67,53,67,590,81.9,HIGH,14,LEFT BRAIN DOMINANT,16,5,5,2.5,5,7.5,5.63,7.5,7.5,2.5,5,5.63,5,5,7.5,5,2.5,5,2.5,2.5,0,6.25,5,5,7.5,7.5,5,2.5,7.5,5,10,5,7.5,2.5,0,3.56,Pria,2017,TIDAK,Tidak,Tidak,SNMPTN,Bekerja di perusahaan,2,2,1,sesuai pilihan pertama dan cocok,kendaraan pribadi roda dua,56,35622.5
82,60,67,60,47,40,33,40,53,440,61.1,MID-HIGH,15,LEFT BRAIN DOMINANT,14,3.13,2.5,5,0,5,5,2.5,7.5,5,5,8.13,10,2.5,10,10,4.38,7.5,0,0,10,4.38,5,2.5,5,5,5,7.5,7.5,7.5,5,2.5,2.5,5,2.5,3.62,Pria,2015,YA,Tidak,Tidak,SBMPTN,Melanjutkan S2,1,2,1,sesuai pilihan pertama dan cocok,kendaraan pribadi roda dua,56,17553.3
83,47,73,67,40,53,27,33,60,490,68.1,MID-HIGH,11,EQUALLY DOMINANT,15,5,5,5,2.5,7.5,5,7.5,7.5,2.5,2.5,3.75,7.5,2.5,2.5,2.5,8.13,7.5,7.5,7.5,10,1.88,2.5,0,5,0,5.63,2.5,5,5,5,7.5,7.5,2.5,10,3.03,Pria,2017,TIDAK,Tidak,Tidak,Mandiri,Bekerja sendiri,1,2,1,sesuai pilihan pertama tapi tidak cocok,kendaraan pribadi roda dua,56,26278.4
84,53,60,73,80,47,40,27,20,550,76.4,HIGH,12,EQUALLY DOMINANT,15,3.75,2.5,0,5,7.5,5.63,7.5,5,7.5,2.5,5,7.5,2.5,5,5,3.75,2.5,7.5,0,5,5,10,0,5,5,5.94,7.5,7.5,5,5,2.5,7.5,7.5,5,3.5,Pria,2017,TIDAK,Tidak,Tidak,SBMPTN,Melanjutkan S2,1,2,1,bukan pilihan pertama tapi cocok,kendaraan pribadi roda dua,56,10712.9
85,33,73,40,53,67,27,60,47,580,80.6,HIGH,14,LEFT BRAIN DOMINANT,18,3.75,5,5,2.5,2.5,6.25,10,5,5,5,4.38,7.5,2.5,2.5,5,3.75,2.5,2.5,5,5,4.38,5,2.5,2.5,7.5,6.25,7.5,10,0,10,5,5,2.5,10,2.53,Pria,2017,YA,Ya,Tidak,SBMPTN,Bekerja di perusahaan,1,1,1,bukan pilihan pertama tapi cocok,kendaraan pribadi roda dua,56,106637
86,60,53,7,20,40,47,93,80,600,83.3,HIGH,14,LEFT BRAIN DOMINANT,18,5,5,2.5,2.5,10,4.38,7.5,2.5,5,2.5,4.38,7.5,2.5,5,2.5,4.38,10,5,0,2.5,6.25,7.5,5,5,7.5,5.31,2.5,5,7.5,5,5,7.5,5,5,3.11,Pria,2016,YA,Tidak,Ya,SNMPTN,Bekerja di perusahaan,3,4,1,sesuai pilihan pertama dan cocok,kendaraan pribadi roda dua,56,36443.2
87,13,73,80,53,87,27,20,47,540,75,MID-HIGH,16,LEFT BRAIN DOMINANT,15,5.63,7.5,5,0,10,6.25,7.5,7.5,2.5,7.5,3.75,5,5,2.5,2.5,5,5,7.5,2.5,5,5.63,7.5,5,7.5,2.5,4.38,5,5,10,0,2.5,2.5,7.5,2.5,3.16,Pria,2016,YA,Ya,Tidak,SNMPTN,Bekerja di perusahaan,1,1,1,bukan pilihan pertama tapi cocok,kendaraan pribadi roda dua,56,9157.44
88,73,47,60,67,27,53,40,33,510,70.8,MID-HIGH,13,EQUALLY DOMINANT,17,1.88,2.5,2.5,2.5,0,6.25,2.5,5,10,7.5,5.63,7.5,5,5,5,3.75,2.5,5,2.5,5,6.25,10,5,7.5,2.5,5.63,5,5,5,2.5,0,7.5,10,10,3.23,Pria,2016,YA,Tidak,Ya,SNMPTN,Bekerja di perusahaan,2,2,2,sesuai pilihan pertama dan cocok,kendaraan pribadi roda dua,56,37000.7
89,7,40,40,20,93,60,60,80,530,73.6,MID-HIGH,16,LEFT BRAIN DOMINANT,16,5.63,5,5,5,7.5,5.63,10,7.5,2.5,2.5,5,5,7.5,5,2.5,6.25,10,5,2.5,7.5,2.5,0,5,2.5,2.5,5,5,0,2.5,10,10,2.5,2.5,7.5,2.88,Pria,2017,YA,Tidak,Tidak,SBMPTN,Bekerja sendiri,3,3,1,sesuai pilihan pertama tapi tidak cocok,kendaraan pribadi roda dua,56,155065.5
90,27,53,47,40,73,47,53,60,630,87.5,HIGH,16,LEFT BRAIN DOMINANT,15,6.88,10,5,7.5,5,5.63,7.5,5,7.5,2.5,6.88,10,2.5,10,5,5,5,5,2.5,7.5,1.88,0,5,2.5,0,4.38,7.5,5,7.5,2.5,5,2.5,2.5,2.5,3.56,Pria,2017,YA,Tidak,Tidak,SNMPTN,Melanjutkan S2,1,1,1,sesuai pilihan pertama dan cocok,kendaraan pribadi roda dua,56,21586.5
91,27,33,27,47,73,67,73,53,620,86.1,HIGH,15,LEFT BRAIN DOMINANT,15,4.38,2.5,5,5,5,4.38,0,10,2.5,5,5,5,7.5,5,2.5,5,5,10,0,5,3.75,2.5,2.5,7.5,2.5,6.25,10,5,2.5,7.5,7.5,5,2.5,10,3.12,Pria,2017,TIDAK,Tidak,Tidak,Mandiri,Bekerja di perusahaan,2,2,1,sesuai pilihan pertama dan cocok,kendaraan pribadi roda empat,56,15879.15
92,33,33,47,7,67,67,53,93,580,80.6,HIGH,16,LEFT BRAIN DOMINANT,17,6.25,5,7.5,5,7.5,4.38,2.5,10,2.5,2.5,5.63,5,5,10,2.5,4.38,0,10,2.5,5,5.63,5,5,7.5,5,4.38,2.5,5,2.5,7.5,10,5,0,2.5,3.56,Pria,2017,TIDAK,Ya,Tidak,SNMPTN,Bekerja di perusahaan,3,2,1,bukan pilihan pertama tapi cocok,kendaraan pribadi roda dua,56,21553.5
93,47,27,20,40,53,73,80,60,470,65.3,MID-HIGH,12,EQUALLY DOMINANT,15,3.13,5,5,2.5,0,5,7.5,2.5,5,5,5.63,5,7.5,5,5,4.38,2.5,2.5,5,7.5,5,5,2.5,2.5,10,5.94,5,2.5,7.5,5,5,5,7.5,10,3.74,Pria,2017,TIDAK,Tidak,Tidak,SBMPTN,Bekerja di perusahaan,2,4,1,bukan pilihan pertama tapi cocok,kendaraan pribadi roda dua,56,20685.9
94,33,40,20,13,67,60,80,87,520,72.2,MID-HIGH,13,EQUALLY DOMINANT,19,4.38,10,2.5,5,0,5.63,7.5,7.5,7.5,0,4.38,5,5,5,2.5,5.63,2.5,5,7.5,7.5,3.75,5,0,10,0,5.63,5,5,5,5,7.5,7.5,0,10,3.56,Pria,2017,YA,Ya,Ya,SBMPTN,Bekerja di perusahaan,1,1,1,bukan pilihan pertama tapi cocok,kendaraan pribadi roda dua,56,16001.4
95,80,47,67,60,20,53,33,40,600,83.3,HIGH,15,LEFT BRAIN DOMINANT,16,2.5,2.5,2.5,2.5,2.5,6.88,2.5,10,7.5,7.5,5.63,10,2.5,2.5,7.5,6.25,7.5,2.5,7.5,7.5,2.5,5,2.5,2.5,0,5.63,10,2.5,7.5,2.5,5,5,5,7.5,3.51,Pria,2016,TIDAK,Ya,Tidak,SNMPTN,Bekerja di perusahaan,3,3,1,sesuai pilihan pertama dan cocok,kendaraan pribadi roda dua,56,19877.9
96,33,67,40,27,67,33,60,73,440,61.1,MID-HIGH,12,EQUALLY DOMINANT,13,4.38,5,5,2.5,5,2.5,0,5,2.5,2.5,5,5,5,0,10,6.25,5,7.5,5,7.5,4.38,7.5,2.5,2.5,5,6.25,10,7.5,7.5,2.5,2.5,5,5,10,2.9,Wanita,2014,TIDAK,Tidak,Ya,SNMPTN,Bekerja di perusahaan,4,3,1,sesuai pilihan pertama tapi tidak cocok,kendaraan umum,56,160465.5
97,73,87,20,67,27,13,80,33,430,59.7,MID-HIGH,8,RIGHT BRAIN DOMINANT,19,7.5,7.5,7.5,7.5,7.5,5.63,7.5,5,7.5,2.5,3.75,2.5,2.5,7.5,2.5,3.13,0,2.5,2.5,7.5,3.13,2.5,2.5,7.5,0,5.94,5,7.5,5,7.5,5,7.5,2.5,7.5,3.56,Wanita,2017,TIDAK,Tidak,Tidak,SBMPTN,Melanjutkan S2,2,2,3,bukan pilihan pertama dan tidak cocok,kendaraan pribadi roda dua,56,35438.9
98,73,53,40,47,27,47,60,53,530,73.6,MID-HIGH,16,LEFT BRAIN DOMINANT,13,1.88,0,0,2.5,5,3.75,0,10,2.5,2.5,5.63,7.5,2.5,5,7.5,5.63,5,10,0,7.5,5.63,7.5,5,7.5,2.5,6.25,7.5,7.5,5,7.5,5,5,5,7.5,3.16,Wanita,2016,YA,Tidak,Ya,SNMPTN,Bekerja di perusahaan,3,2,1,bukan pilihan pertama tapi cocok,kendaraan pribadi roda dua,56,34333.64
99,80,60,33,60,20,40,67,40,550,76.4,HIGH,12,EQUALLY DOMINANT,16,4.38,2.5,7.5,5,2.5,6.88,10,7.5,5,5,5.63,7.5,7.5,5,2.5,6.25,7.5,2.5,5,10,1.88,0,2.5,5,0,5,2.5,2.5,7.5,7.5,2.5,10,5,2.5,3.31,Wanita,2014,TIDAK,Tidak,Ya,SNMPTN,Bekerja di perusahaan,1,2,1,sesuai pilihan pertama dan cocok,sepeda ontel,56,37741.4
100,20,53,67,40,80,47,33,60,570,79.2,HIGH,14,LEFT BRAIN DOMINANT,12,3.75,5,0,5,5,3.75,2.5,7.5,2.5,2.5,6.88,10,7.5,2.5,7.5,6.25,5,7.5,5,7.5,5,5,5,7.5,2.5,4.69,5,7.5,5,7.5,0,5,2.5,5,3.29,Wanita,2017,TIDAK,Ya,Tidak,SNMPTN,Bekerja di perusahaan,5,4,1,sesuai pilihan pertama dan cocok,kendaraan umum,56,16054.3
101,93,93,60,67,7,7,40,33,460,63.9,MID-HIGH,16,LEFT BRAIN DOMINANT,19,4.38,2.5,5,2.5,7.5,5.63,5,5,7.5,5,4.38,5,2.5,5,5,5,2.5,5,5,7.5,5,10,5,5,0,5.31,7.5,7.5,7.5,5,2.5,7.5,0,5,2.86,Wanita,2016,TIDAK,Tidak,Tidak,SNMPTN,Bekerja di perusahaan,2,2,1,sesuai pilihan pertama tapi tidak cocok,kendaraan pribadi roda dua,56,35441.9
102,87,53,27,67,13,47,73,33,420,58.3,MID-HIGH,13,EQUALLY DOMINANT,19,4.38,2.5,5,7.5,2.5,4.38,2.5,5,7.5,2.5,5,2.5,7.5,7.5,2.5,5,5,10,2.5,2.5,5,0,5,10,5,5.63,5,7.5,5,5,0,10,5,7.5,3.31,Wanita,2016,TIDAK,Tidak,Tidak,SBMPTN,Melanjutkan S2,3,4,1,bukan pilihan pertama dan tidak cocok,kendaraan pribadi roda dua,56,37643.4
103,27,40,73,13,73,60,27,87,610,84.7,HIGH,12,EQUALLY DOMINANT,17,5,5,0,7.5,7.5,3.75,5,2.5,0,7.5,6.88,7.5,7.5,5,7.5,4.38,2.5,7.5,0,7.5,5.63,10,2.5,5,5,4.69,7.5,2.5,5,2.5,5,0,7.5,7.5,3.21,Pria,2017,TIDAK,Tidak,Tidak,SBMPTN,Melanjutkan S2,5,4,3,bukan pilihan pertama tapi cocok,kendaraan pribadi roda dua,56,9653.4
104,40,47,33,53,60,53,67,47,540,75,MID-HIGH,13,EQUALLY DOMINANT,14,5.63,7.5,7.5,2.5,5,5.63,10,5,5,2.5,5.63,7.5,5,2.5,7.5,5.63,5,2.5,7.5,7.5,1.88,5,0,0,2.5,5.31,7.5,7.5,0,10,2.5,5,2.5,7.5,3.76,Wanita,2017,TIDAK,Tidak,Tidak,SBMPTN,Melanjutkan S2,1,2,3,bukan pilihan pertama dan tidak cocok,kendaraan pribadi roda empat,56,19034
105,73,60,60,67,27,40,40,33,530,73.6,MID-HIGH,12,EQUALLY DOMINANT,17,3.13,2.5,2.5,2.5,5,6.25,0,10,10,5,6.88,5,5,7.5,10,5,5,2.5,7.5,5,5.63,5,2.5,7.5,7.5,4.06,5,5,10,7.5,2.5,2.5,0,0,3.65,Pria,2017,YA,Tidak,Ya,SNMPTN,Melanjutkan S2,4,3,1,sesuai pilihan pertama dan cocok,Jalan Kaki,56,21555.5
106,47,47,93,73,53,53,7,27,570,79.2,HIGH,12,EQUALLY DOMINANT,16,5.63,7.5,2.5,7.5,5,4.38,5,0,5,7.5,6.25,5,5,7.5,7.5,4.38,2.5,0,5,10,5,7.5,2.5,2.5,7.5,4.69,7.5,2.5,2.5,2.5,5,2.5,7.5,7.5,3.47,Pria,2017,TIDAK,Tidak,Tidak,SBMPTN,Bekerja sendiri,1,2,1,bukan pilihan pertama tapi cocok,kendaraan pribadi roda dua,56,155351
107,87,80,67,67,13,20,33,33,580,80.6,HIGH,12,EQUALLY DOMINANT,0,3.13,2.5,5,2.5,2.5,6.25,7.5,2.5,7.5,7.5,7.5,7.5,5,7.5,10,3.13,5,2.5,0,5,5,10,5,0,5,5,5,7.5,2.5,2.5,7.5,2.5,5,7.5,3.32,Pria,2017,TIDAK,Tidak,Tidak,SNMPTN,Bekerja di perusahaan,2,2,1,sesuai pilihan pertama dan cocok,kendaraan pribadi roda dua,56,100
108,73,40,60,60,27,60,40,40,520,72.2,MID-HIGH,12,EQUALLY DOMINANT,14,3.75,5,2.5,5,2.5,5.63,5,5,7.5,5,7.5,5,5,10,10,5,5,7.5,2.5,5,6.25,5,7.5,5,7.5,3.44,5,2.5,7.5,0,2.5,0,5,5,3.91,Pria,2017,TIDAK,Tidak,Tidak,SNMPTN,Bekerja di perusahaan,2,1,1,bukan pilihan pertama tapi cocok,kendaraan pribadi roda dua,56,22144.9
109,87,80,67,47,13,20,33,53,510,70.8,MID-HIGH,13,EQUALLY DOMINANT,17,2.5,0,5,5,0,6.88,7.5,7.5,5,7.5,6.25,10,5,2.5,7.5,5.63,5,2.5,5,10,4.38,5,5,2.5,5,4.69,5,2.5,5,2.5,0,5,10,7.5,3.24,Pria,2017,YA,Ya,Tidak,SBMPTN,Melanjutkan S2,1,2,3,sesuai pilihan pertama dan cocok,kendaraan pribadi roda empat,56,11360
110,80,73,80,73,20,27,20,27,440,61.1,MID-HIGH,13,EQUALLY DOMINANT,15,3.75,0,5,7.5,2.5,6.25,5,7.5,5,7.5,6.25,7.5,5,5,7.5,4.38,2.5,5,7.5,2.5,3.13,2.5,0,2.5,7.5,5.63,7.5,7.5,7.5,7.5,2.5,2.5,0,10,2.71,Pria,2017,TIDAK,Tidak,Tidak,Mandiri,Bekerja di perusahaan,2,1,2,sesuai pilihan pertama dan cocok,kendaraan pribadi roda dua,56,39688.3
111,27,47,33,47,73,53,67,53,610,84.7,HIGH,14,LEFT BRAIN DOMINANT,19,4.38,5,2.5,2.5,7.5,5.63,7.5,10,2.5,2.5,5,10,2.5,2.5,5,5,7.5,5,2.5,5,5.63,5,5,5,7.5,4.69,2.5,7.5,7.5,7.5,7.5,0,0,5,4,Pria,2017,TIDAK,Tidak,Tidak,SNMPTN,Bekerja di perusahaan,2,1,2,sesuai pilihan pertama dan cocok,kendaraan pribadi roda dua,56,20132.4
112,80,60,93,60,20,40,7,40,510,70.8,MID-HIGH,14,LEFT BRAIN DOMINANT,16,3.13,5,2.5,0,5,6.88,7.5,5,7.5,7.5,5.63,2.5,7.5,5,7.5,3.75,7.5,5,0,2.5,6.25,5,2.5,7.5,10,4.69,2.5,10,2.5,7.5,5,0,5,5,3.01,Pria,2016,TIDAK,Tidak,Tidak,SBMPTN,Bekerja sendiri,1,1,1,bukan pilihan pertama tapi cocok,kendaraan pribadi roda dua,56,9159.44
113,33,60,40,13,67,40,60,87,480,66.7,MID-HIGH,14,LEFT BRAIN DOMINANT,15,4.38,5,7.5,5,0,3.75,5,2.5,5,2.5,5.63,5,7.5,10,0,5.63,5,7.5,5,5,2.5,2.5,5,2.5,0,6.56,10,5,0,7.5,7.5,7.5,7.5,7.5,2.32,Wanita,2017,TIDAK,Tidak,Tidak,Mandiri,Bekerja sendiri,3,2,1,sesuai pilihan pertama tapi tidak cocok,kendaraan umum,56,19735.5
114,40,53,67,67,60,47,33,33,600,83.3,HIGH,13,EQUALLY DOMINANT,12,5,7.5,0,5,7.5,6.25,10,7.5,5,2.5,6.25,7.5,5,5,7.5,2.5,5,0,0,5,5,7.5,5,5,2.5,5,2.5,7.5,5,7.5,7.5,5,2.5,2.5,3.03,Wanita,2015,TIDAK,Tidak,Ya,SNMPTN,Bekerja di perusahaan,2,2,2,sesuai pilihan pertama dan cocok,Jalan Kaki,56,36228.5
115,47,53,60,73,53,47,40,27,550,76.4,HIGH,15,LEFT BRAIN DOMINANT,13,5,2.5,5,7.5,5,5,5,7.5,2.5,5,4.38,7.5,5,2.5,2.5,4.38,2.5,5,5,5,5.63,2.5,5,5,10,5.31,5,7.5,0,10,7.5,2.5,2.5,7.5,3.21,Pria,2017,TIDAK,Tidak,Tidak,SNMPTN,Bekerja di perusahaan,2,1,1,sesuai pilihan pertama dan cocok,kendaraan pribadi roda dua,56,15800.6
116,67,60,20,87,33,40,80,13,500,69.4,MID-HIGH,13,EQUALLY DOMINANT,13,1.88,0,5,0,2.5,5,0,5,7.5,7.5,6.25,7.5,7.5,2.5,7.5,6.88,5,5,7.5,10,5.63,5,2.5,7.5,7.5,4.69,5,5,5,7.5,2.5,2.5,5,5,3.29,Wanita,2014,YA,Tidak,Tidak,SNMPTN,Melanjutkan S2,1,1,1,sesuai pilihan pertama dan cocok,kendaraan pribadi roda dua,56,37299.3
117,67,53,80,53,33,47,20,47,540,75,MID-HIGH,13,EQUALLY DOMINANT,15,2.5,5,0,2.5,2.5,6.25,5,5,10,5,5,5,5,5,5,5,5,7.5,2.5,5,6.25,10,2.5,10,2.5,5,2.5,2.5,7.5,2.5,5,7.5,5,7.5,3.38,Wanita,2014,TIDAK,Tidak,Tidak,SNMPTN,Bekerja di perusahaan,1,2,1,sesuai pilihan pertama dan cocok,kendaraan pribadi roda dua,56,12009.9
118,60,67,60,53,40,33,40,47,460,63.9,MID-HIGH,11,EQUALLY DOMINANT,17,6.88,7.5,10,7.5,2.5,5,2.5,7.5,5,5,4.38,0,10,5,2.5,3.13,2.5,7.5,2.5,0,5,2.5,5,7.5,5,5.31,5,7.5,5,2.5,5,5,5,7.5,2.88,Wanita,2016,TIDAK,Ya,Tidak,SNMPTN,Bekerja di perusahaan,1,3,1,sesuai pilihan pertama dan cocok,kendaraan pribadi roda dua,56,41071.5
119,67,67,80,20,33,33,20,80,460,63.9,MID-HIGH,12,EQUALLY DOMINANT,18,7.5,7.5,10,7.5,5,3.75,2.5,2.5,5,5,3.13,7.5,2.5,0,2.5,5,2.5,7.5,5,5,3.75,0,5,2.5,7.5,5.94,7.5,5,7.5,2.5,5,2.5,7.5,10,3.65,Pria,2017,TIDAK,Ya,Tidak,SBMPTN,Bekerja di perusahaan,1,2,1,bukan pilihan pertama tapi cocok,kendaraan pribadi roda dua,56,35445.7
120,40,53,60,27,60,47,40,73,520,72.2,MID-HIGH,13,EQUALLY DOMINANT,18,4.38,2.5,7.5,2.5,5,5.63,5,5,7.5,5,3.75,5,2.5,5,2.5,3.75,0,7.5,2.5,5,4.38,7.5,2.5,7.5,0,6.56,5,2.5,2.5,5,10,7.5,10,10,3.47,Wanita,2017,YA,Tidak,Tidak,SBMPTN,Melanjutkan S2,1,0,3,bukan pilihan pertama tapi cocok,kendaraan pribadi roda empat,56,16005.9
121,80,67,60,87,20,33,40,13,550,76.4,HIGH,15,LEFT BRAIN DOMINANT,14,3.13,2.5,0,5,5,5,0,5,10,5,6.25,7.5,5,2.5,10,3.75,2.5,0,5,7.5,6.25,10,5,7.5,2.5,5.31,7.5,5,7.5,7.5,2.5,5,5,2.5,2.18,Pria,2017,TIDAK,Tidak,Tidak,SNMPTN,Bekerja di perusahaan,1,2,3,sesuai pilihan pertama dan cocok,kendaraan pribadi roda dua,56,23072.8
122,87,60,67,60,13,40,33,40,480,66.7,MID-HIGH,16,LEFT BRAIN DOMINANT,11,1.88,0,2.5,2.5,2.5,8.13,5,10,10,7.5,4.38,5,5,2.5,5,5,2.5,5,5,7.5,5.63,7.5,2.5,10,2.5,5,2.5,5,5,5,7.5,2.5,5,7.5,3.4,Wanita,2016,TIDAK,Ya,Tidak,SNMPTN,Bekerja di perusahaan,1,1,1,bukan pilihan pertama tapi cocok,kendaraan pribadi roda dua,56,12232.9
123,53,67,67,73,47,33,33,27,540,75,MID-HIGH,14,LEFT BRAIN DOMINANT,15,2.5,2.5,2.5,0,5,5.63,5,7.5,5,5,4.38,5,7.5,0,5,5,2.5,7.5,5,5,7.5,7.5,5,10,7.5,5,5,5,7.5,5,5,2.5,2.5,7.5,2.94,Wanita,2017,YA,Tidak,Ya,SNMPTN,Bekerja di perusahaan,3,2,1,sesuai pilihan pertama dan cocok,kendaraan pribadi roda dua,56,12986.5
124,47,40,53,73,53,60,47,27,530,73.6,MID-HIGH,15,LEFT BRAIN DOMINANT,15,4.38,7.5,2.5,5,2.5,5,5,7.5,5,2.5,6.25,7.5,5,7.5,5,3.13,5,0,5,2.5,6.25,7.5,7.5,10,0,5,5,7.5,2.5,7.5,7.5,7.5,0,2.5,3.61,Wanita,2014,YA,Tidak,Ya,SNMPTN,Bekerja di perusahaan,3,3,1,bukan pilihan pertama tapi cocok,kendaraan pribadi roda dua,56,33158.65
125,47,67,47,60,53,33,53,40,500,69.4,MID-HIGH,15,LEFT BRAIN DOMINANT,13,4.38,2.5,2.5,5,7.5,5.63,7.5,10,5,0,4.38,2.5,2.5,7.5,5,5,5,7.5,2.5,5,5,5,5,7.5,2.5,5.31,2.5,7.5,2.5,7.5,10,5,2.5,5,3.19,Wanita,2014,YA,Ya,Tidak,Mandiri,Bekerja sendiri,1,2,1,bukan pilihan pertama tapi cocok,kendaraan pribadi roda empat,56,21502.8
126,47,60,67,40,53,40,33,60,570,79.2,HIGH,11,EQUALLY DOMINANT,15,6.25,2.5,7.5,5,10,6.88,5,10,5,7.5,3.75,2.5,5,2.5,5,5,5,7.5,2.5,5,4.38,5,2.5,7.5,2.5,4.38,5,7.5,7.5,2.5,7.5,0,2.5,2.5,2.64,Wanita,2016,TIDAK,Tidak,Tidak,SNMPTN,Bekerja di perusahaan,1,1,1,bukan pilihan pertama tapi cocok,kendaraan pribadi roda empat,56,34861.7
127,13,33,60,13,87,67,40,87,580,80.6,HIGH,13,EQUALLY DOMINANT,18,3.13,2.5,2.5,5,2.5,4.38,5,7.5,2.5,2.5,6.25,5,7.5,7.5,5,5,10,7.5,0,2.5,5.63,2.5,5,10,5,5.31,2.5,5,5,7.5,7.5,5,2.5,7.5,3.29,Pria,2017,TIDAK,Tidak,Ya,SBMPTN,Bekerja di perusahaan,2,1,2,bukan pilihan pertama tapi cocok,kendaraan pribadi roda dua,56,36870.5
128,20,73,53,53,80,27,47,47,610,84.7,HIGH,14,LEFT BRAIN DOMINANT,14,3.75,5,5,2.5,2.5,6.25,5,10,5,5,6.25,10,5,5,5,5.63,10,2.5,2.5,7.5,5,2.5,2.5,7.5,7.5,4.06,2.5,5,2.5,2.5,10,0,5,5,3.29,Pria,2017,YA,Ya,Tidak,Mandiri,Bekerja sendiri,2,0,1,bukan pilihan pertama tapi cocok,kendaraan pribadi roda empat,56,36649.5
129,40,73,53,73,60,27,47,27,530,73.6,MID-HIGH,14,LEFT BRAIN DOMINANT,13,2.5,5,2.5,2.5,0,8.13,10,10,7.5,5,4.38,5,7.5,2.5,2.5,5.63,2.5,7.5,5,7.5,3.75,5,0,5,5,5.31,5,2.5,2.5,5,7.5,2.5,7.5,10,3.17,Pria,2014,YA,Ya,Tidak,SNMPTN,Melanjutkan S2,1,1,1,sesuai pilihan pertama dan cocok,kendaraan pribadi roda empat,56,38552.9
